{
  "f": [
    0.8714361599340601,
    17.085852484808839,
    22.676371562873534,
    3.7324095230428052
  ],
  "p": [
    0.35102350423830625,
    4.2108445609189817E-5,
    2.5368768771749014E-6,
    0.053949901147690105
  ],
  "df1": [
    1,
    1,
    1,
    1
  ],
  "df2": [
    484,
    484,
    484,
    484
  ],
  "contrast": [
    [
      -1,
      0,
      0,
      1
    ],
    [
      0,
      -1,
      1,
      0
    ],
    [
      1,
      -1,
      1,
      -1
    ],
    [
      1,
      1,
      -1,
      -1
    ]
  ],
  "coeffnames": [
    "task_minusone:JPAnatomy_MPFC",
    "task_one:JPAnatomy_MPFC",
    "task_minusone:JPAnatomy_OFC",
    "task_one:JPAnatomy_OFC"
  ]
}