{
  "f": [
    20.421224034830068,
    2.0349529400155717,
    6.2862855614969808,
    13.701183220714563
  ],
  "p": [
    1.1227294902610013E-5,
    0.15545118881696418,
    0.013053007904501753,
    0.0002847152196137682
  ],
  "df1": [
    1,
    1,
    1,
    1
  ],
  "df2": [
    180,
    180,
    180,
    180
  ],
  "contrast": [
    [
      -1,
      0,
      0,
      1
    ],
    [
      0,
      -1,
      1,
      0
    ],
    [
      1,
      -1,
      1,
      -1
    ],
    [
      1,
      1,
      -1,
      -1
    ]
  ],
  "coeffnames": [
    "task_EP:JPAnatomy_MPFC",
    "task_SJ:JPAnatomy_MPFC",
    "task_EP:JPAnatomy_OFC",
    "task_SJ:JPAnatomy_OFC"
  ]
}