{
  "f": [
    0.12615847843806222,
    0.12722460667580682,
    0.40665385412854549,
    0.093321637163863519
  ],
  "p": [
    0.72259835816413687,
    0.72147718294222352,
    0.52396406392309181,
    0.76012338092983978
  ],
  "df1": [
    1,
    1,
    1,
    1
  ],
  "df2": [
    502,
    502,
    502,
    502
  ],
  "contrast": [
    [
      -1,
      0,
      0,
      1
    ],
    [
      0,
      -1,
      1,
      0
    ],
    [
      1,
      -1,
      1,
      -1
    ],
    [
      1,
      1,
      -1,
      -1
    ]
  ],
  "coeffnames": [
    "task_true:JPAnatomy_MPFC",
    "task_false:JPAnatomy_MPFC",
    "task_true:JPAnatomy_OFC",
    "task_false:JPAnatomy_OFC"
  ]
}