{
  "f": [
    2.4239957629066353,
    3.4106022645071987,
    0.54093598806993737,
    3.6001978275221482
  ],
  "p": [
    0.12012001702172792,
    0.065367733304152492,
    0.4623886739615185,
    0.0583462802010252
  ],
  "df1": [
    1,
    1,
    1,
    1
  ],
  "df2": [
    502,
    502,
    502,
    502
  ],
  "contrast": [
    [
      -1,
      0,
      0,
      1
    ],
    [
      0,
      -1,
      1,
      0
    ],
    [
      1,
      -1,
      1,
      -1
    ],
    [
      1,
      1,
      -1,
      -1
    ]
  ],
  "coeffnames": [
    "task_true:JPAnatomy_MPFC",
    "task_false:JPAnatomy_MPFC",
    "task_true:JPAnatomy_OFC",
    "task_false:JPAnatomy_OFC"
  ]
}