{
  "f": [
    7.2798781214738693,
    0.87157443857482608,
    7.9453442374672036,
    1.4223654992542136
  ],
  "p": [
    0.007333564669700675,
    0.35121189804309028,
    0.0051364061014861108,
    0.23388371731668828
  ],
  "df1": [
    1,
    1,
    1,
    1
  ],
  "df2": [
    318,
    318,
    318,
    318
  ],
  "contrast": [
    [
      -1,
      0,
      0,
      1
    ],
    [
      0,
      -1,
      1,
      0
    ],
    [
      1,
      -1,
      1,
      -1
    ],
    [
      1,
      1,
      -1,
      -1
    ]
  ],
  "coeffnames": [
    "task_minusone:JPAnatomy_MPFC:BDIz",
    "task_one:JPAnatomy_MPFC:BDIz",
    "task_minusone:JPAnatomy_OFC:BDIz",
    "task_one:JPAnatomy_OFC:BDIz"
  ]
}