{
  "tbl": [
    {
      "SumSq": 5.6991108098585528,
      "DF": 1,
      "MeanSq": 5.6991108098585528,
      "F": 29.269636421200467,
      "pValue": 1.0754767352082025E-6,
      "pValueGG": 1.0754767352082025E-6,
      "pValueHF": 1.0754767352082025E-6,
      "pValueLB": 1.0754767352082025E-6
    },
    {
      "SumSq": 3.6304862661422033,
      "DF": 2,
      "MeanSq": 1.8152431330711016,
      "F": 9.32277126971508,
      "pValue": 0.0002885034213700303,
      "pValueGG": 0.0002885034213700303,
      "pValueHF": 0.0002885034213700303,
      "pValueLB": 0.0002885034213700303
    },
    {
      "SumSq": 12.072062157741628,
      "DF": 62,
      "MeanSq": 0.19471067996357466,
      "F": 1,
      "pValue": 0.5,
      "pValueGG": 0.5,
      "pValueHF": 0.5,
      "pValueLB": 0.5
    }
  ],
  "A": [
    [
      1,
      0,
      0
    ],
    [
      [
        0,
        1,
        0
      ],
      [
        0,
        0,
        1
      ]
    ]
  ],
  "C": [
    1,
    -1
  ],
  "D": 0
}