{
  "tbl": [
    {
      "SumSq": 1.5236038763856514,
      "DF": 1,
      "MeanSq": 1.5236038763856514,
      "F": 7.9570582633254743,
      "pValue": 0.0073499073503964577,
      "pValueGG": 0.0073499073503964577,
      "pValueHF": 0.0073499073503964577,
      "pValueLB": 0.0073499073503964577
    },
    {
      "SumSq": 2.0574637842786343,
      "DF": 1,
      "MeanSq": 2.0574637842786343,
      "F": 10.745154603455028,
      "pValue": 0.0021349901378491204,
      "pValueGG": 0.0021349901378491204,
      "pValueHF": 0.0021349901378491204,
      "pValueLB": 0.0021349901378491204
    },
    {
      "SumSq": 7.8506097183841295,
      "DF": 41,
      "MeanSq": 0.19147828581424706,
      "F": 1,
      "pValue": 0.5,
      "pValueGG": 0.5,
      "pValueHF": 0.5,
      "pValueLB": 0.5
    }
  ],
  "A": [
    [
      1,
      0
    ],
    [
      0,
      1
    ]
  ],
  "C": [
    1,
    -1
  ],
  "D": 0
}