{
  "tbl": [
    {
      "SumSq": 5.7662183827002078,
      "DF": 1,
      "MeanSq": 5.7662183827002078,
      "F": 28.684579010709886,
      "pValue": 2.6000614465204967E-5,
      "pValueGG": 2.6000614465204967E-5,
      "pValueHF": 2.6000614465204967E-5,
      "pValueLB": 2.6000614465204967E-5
    },
    {
      "SumSq": 4.2214524393575061,
      "DF": 21,
      "MeanSq": 0.20102154473130981,
      "F": 1,
      "pValue": 0.5,
      "pValueGG": 0.5,
      "pValueHF": 0.5,
      "pValueLB": 0.5
    }
  ],
  "A": [
    1
  ],
  "C": [
    1,
    -1
  ],
  "D": 0
}