{
  "p": [
    0.25615484101733643,
    0.43519222609174513,
    0.35351632233067609
  ],
  "t": [
    "Source",
    "Self",
    "True.vs.False",
    "Self*True.vs.False",
    "Error",
    "Total",
    "Sum Sq.",
    2.388037280488108,
    1.1231013753575612,
    1.5900724750943871,
    151.60509973486532,
    156.76004610953424,
    "d.f.",
    1,
    1,
    1,
    83,
    86,
    "Singular?",
    0,
    0,
    0,
    0,
    0,
    "Mean Sq.",
    2.388037280488108,
    1.1231013753575612,
    1.5900724750943871,
    1.8265674666851244,
    [],
    "F",
    1.3073906789886856,
    0.6148699108255653,
    0.870524907563403,
    [],
    [],
    "Prob>F",
    0.25615484101733643,
    0.43519222609174513,
    0.35351632233067609,
    [],
    []
  ],
  "stats": {
    "source": "anovan",
    "resid": [
      1.4012287226346247,
      -1.1471984844369014,
      -0.78008354327127827,
      -0.0832719538363668,
      0.64050249020072525,
      -0.66949887172898637,
      -0.88689068684004968,
      -0.50578653737437274,
      -0.49268015947036325,
      -2.3145414078266939,
      0.44554979749870349,
      -0.73556360457639847,
      -1.3268699268700719,
      0.46227815097222913,
      -0.35904593782563382,
      -2.0417547678986705,
      -1.2368233798394719,
      2.6167723814656916,
      2.8160385479935859,
      0.90917317272061937,
      1.5202227209146157,
      1.7682432773944632,
      1.5839924460220611,
      -1.4406605574334523,
      -0.663481364180502,
      -0.072916824146816,
      0.21102589204588348,
      -1.0108287242684681,
      -0.74679857953843931,
      -0.27951016896899644,
      -0.3198386114652722,
      -2.102024855529081,
      -0.49298848264407819,
      -0.89638446049127851,
      -0.60030253338952444,
      0.6176983065896241,
      -0.035604391084266607,
      -1.7219727433815137,
      -1.3958889086186859,
      2.1580065372543684,
      2.4259851004086324,
      0.83085341886288855,
      1.6377418920827276,
      2.3138976118741894,
      1.4618257337177298,
      -1.7838918360134848,
      0.84941231186888777,
      -0.64492427364334837,
      1.1440969173477371,
      0.22648067321833457,
      -0.92430699499466884,
      -0.43323813404019285,
      -0.55913859310126524,
      -2.2437282050263763,
      -0.61545404823027494,
      -0.83570634055206561,
      -1.2707095487929223,
      0.373046775818033,
      -0.37734478235772906,
      -1.6341166938464777,
      -1.4095570531486579,
      0.92909780616032978,
      2.7700782745806896,
      0.70664781480409788,
      2.8280145248724002,
      1.4434156713592237,
      1.96172668144777,
      -1.0302207656567894,
      0.24256167314662591,
      -0.73844274838841883,
      1.3424200027281792,
      -0.47765899720924032,
      -0.23610208117236992,
      -0.30914550624509823,
      -0.67188731037664784,
      -2.3969514982592695,
      -0.14417468861488017,
      -0.9254374826266476,
      -1.2843895426052052,
      0.93732055741127418,
      -0.50659251711468689,
      -1.1912405425427401,
      -1.1682009740009258,
      1.7611398958329216,
      2.2942119833897281,
      0.76276457424179789,
      null,
      1.7782992866146223
    ],
    "coeffs": [
      3.4787486386468376,
      0.165710121204717,
      -0.16571012120471695,
      -0.1136417631812047,
      0.11364176318120461,
      0.13521875833599586,
      -0.13521875833599584,
      -0.13521875833599581,
      0.13521875833599589
    ],
    "Rtr": [
      [
        0.64264659657054579,
        6.6723258959008334,
        0,
        0
      ],
      [
        7.545697588330107,
        0,
        0,
        0
      ],
      [
        -3.8489166964080876,
        -0.23684900525257091,
        0.74803070248882109,
        5.924298801638324
      ],
      [
        1.7709170649631338,
        0.044568552066196143,
        6.3414717045279305,
        0
      ]
    ],
    "rowbasis": [
      [
        -9.3273790530888157,
        -4.7172951532862974,
        -4.6100838998025173,
        -4.7172951532862966,
        -4.6100838998025173,
        -2.3586475766431483,
        -2.3586475766431483,
        -2.3586475766431483,
        -2.251436323159369
      ],
      [
        0,
        0.054225365558761396,
        -0.054225365558761118,
        -4.6633814380534648,
        4.6633814380534657,
        -2.3316907190267329,
        2.3859160845854941,
        -2.3316907190267333,
        2.2774653534679716
      ],
      [
        0,
        -4.6630661636429345,
        4.6630661636429336,
        0,
        2.5931343127702365E-16,
        -2.358962882784073,
        -2.304103280858862,
        2.358962882784073,
        2.304103280858862
      ],
      [
        0,
        -8.3916761224559637E-17,
        0,
        0,
        2.56280421309735E-16,
        -2.3313717244676058,
        2.3313717244676062,
        2.3313717244676058,
        -2.3313717244676053
      ]
    ],
    "dfe": 83,
    "mse": 1.8265674666851244,
    "nullproject": [
      [
        -0.14644660940672616,
        -0.73570226039551578,
        0.61785113019775784,
        -0.23570226039551576
      ],
      [
        -0.60355339059327373,
        0.048815536468908814,
        -0.20118446353109121,
        -0.30473785412436488
      ],
      [
        0.60355339059327373,
        -0.048815536468908662,
        0.20118446353109107,
        0.304737854124365
      ],
      [
        0.35355339059327373,
        -0.069035593728849168,
        -0.21548220313557537,
        -0.56903559372884915
      ],
      [
        -0.35355339059327351,
        0.069035593728849085,
        0.21548220313557553,
        0.56903559372884915
      ],
      [
        2.2371143170757382E-17,
        -0.33333333333333343,
        -0.33333333333333331,
        0.16666666666666663
      ],
      [
        2.2371143170757382E-17,
        0.33333333333333337,
        0.33333333333333331,
        -0.1666666666666666
      ],
      [
        -1.9967346175427393E-16,
        0.33333333333333331,
        0.33333333333333343,
        -0.16666666666666666
      ],
      [
        -1.9967346175427393E-16,
        -0.33333333333333326,
        -0.33333333333333331,
        0.16666666666666677
      ]
    ],
    "terms": [
      [
        1,
        0
      ],
      [
        0,
        1
      ],
      [
        1,
        1
      ]
    ],
    "nlevels": [
      2,
      2
    ],
    "continuous": [
      false,
      false
    ],
    "vmeans": [
      0,
      0
    ],
    "termcols": [
      1,
      2,
      2,
      4
    ],
    "coeffnames": [
      "Constant",
      "Self=ep",
      "Self=sj",
      "True.vs.False=t",
      "True.vs.False=f",
      "Self=ep * True.vs.False=t",
      "Self=ep * True.vs.False=f",
      "Self=sj * True.vs.False=t",
      "Self=sj * True.vs.False=f"
    ],
    "vars": [
      [
        0,
        0
      ],
      [
        1,
        0
      ],
      [
        2,
        0
      ],
      [
        0,
        1
      ],
      [
        0,
        2
      ],
      [
        1,
        1
      ],
      [
        1,
        2
      ],
      [
        2,
        1
      ],
      [
        2,
        2
      ]
    ],
    "varnames": [
      "Self",
      "True.vs.False"
    ],
    "grpnames": [
      [
        "ep",
        "sj"
      ],
      [
        "t",
        "f"
      ]
    ],
    "vnested": [],
    "ems": [],
    "denom": [],
    "dfdenom": [],
    "msdenom": [],
    "varest": [],
    "varci": [],
    "txtdenom": [],
    "txtems": [],
    "rtnames": []
  },
  "terms": [
    [
      1,
      0
    ],
    [
      0,
      1
    ],
    [
      1,
      1
    ]
  ]
}