{
  "Anatomy": [
    "MPFC",
    "OFC"
  ],
  "time": [
    22,
    40
  ],
  "tvalue": [
    2.0582317462587456,
    2.0515793356025762
  ],
  "dof": [
    38,
    207
  ],
  "pvalue": [
    0.046473355236149594,
    0.041469574463316672
  ],
  "CI": [
    [
      -0.00061970406647421546,
      0.019372943035934495
    ],
    [
      0.00017573612611217551,
      0.017472824648551228
    ]
  ]
}