{
  "mean": [
    1.6322208137324856,
    0.45936333638668181
  ],
  "low": [
    1.1994451107484483,
    0.21731841904026422
  ],
  "high": [
    2.0649965167165236,
    0.70140825373309934
  ],
  "std": [
    0.49373259738906472,
    0.27613718816066718
  ],
  "p": 0.00027174176520117221,
  "meanc": -1.1728574773458038,
  "cic": [
    0.86555140596807534,
    0.48408983469283512
  ],
  "stdc": -0.21759540922839757
}