{
  "mean": [
    -1.60270013015819,
    -0.43873548749544361
  ],
  "low": [
    -1.182125940913151,
    -0.20834776885569709
  ],
  "high": [
    -2.023274319403229,
    -0.66912320613519027
  ],
  "std": [
    0.47981248812947352,
    0.26283806125488207
  ],
  "p": 0.00027683948205670106,
  "meanc": 1.1639646426627464,
  "cic": [
    -0.841148378490078,
    -0.46077543727949322
  ],
  "stdc": 0.21697442687459156
}