{
  "mdl": {
    "Estimate": [
      1.4001859598467841,
      0.36092406785367592,
      -0.59610975341093164,
      1.1318228495709413,
      -1.0779223292699258
    ],
    "SE": [
      0.16350566380237003,
      0.16710729372121758,
      0.34402941376895113,
      0.427348999495416,
      0.47381884588116063
    ],
    "DF": [
      18,
      18,
      18,
      18,
      18
    ],
    "tStat": [
      8.5635318513442726,
      2.1598343185175373,
      -1.7327290329055316,
      2.6484743170273455,
      -2.2749671918712187
    ],
    "pValue": [
      9.172853627117802E-8,
      0.044522439673817832,
      0.10024229442709157,
      0.01634148243299248,
      0.035372434007108863
    ],
    "Lower": [
      1.056673307060144,
      0.009844671389737325,
      -1.318888731289324,
      0.2339959176560662,
      -2.0733787856632269
    ],
    "Upper": [
      1.7436986126334242,
      0.71200346431761452,
      0.12666922446746087,
      2.0296497814858165,
      -0.082465872876624657
    ],
    "DF1": [
      1,
      1,
      1,
      1,
      1
    ],
    "DF2": [
      18,
      18,
      18,
      18,
      18
    ]
  },
  "anova": {
    "term": [
      "(Intercept)",
      "JPAnatomy",
      "RT",
      "p",
      "JPAnatomy:p"
    ],
    "FStat": [
      73.334077768987882,
      4.6648842834461144,
      3.0023499014737385,
      7.014416207953464,
      5.1754757240904192
    ]
  },
  "Anatomy": [
    "MPFC",
    "OFC"
  ],
  "timeRelative_percentage": 23,
  "timeAbsolute_percentage": [
    3,
    19
  ],
  "tvalue": [
    7.4868852906607977,
    4.6155071563994428
  ],
  "dof": [
    5,
    17
  ],
  "pvalue": [
    0.00067169588431958971,
    0.00024677281658580519
  ],
  "CI": [
    [
      -0.0047539539033422396,
      0.25734735489417038
    ],
    [
      -0.091999599030964219,
      0.16918650042006633
    ]
  ]
}