{
  "mean": [
    1.6023191443609726,
    0.43791362932536365
  ],
  "low": [
    1.1792708863475412,
    0.20713979407495237
  ],
  "high": [
    2.0253674023744042,
    0.66868746457577533
  ],
  "std": [
    0.48263503198005253,
    0.26327856277972311
  ],
  "p": 0.0002884830661558091,
  "meanc": -1.164405515035609,
  "cic": [
    0.846096516026863,
    0.46154767050082296
  ],
  "stdc": -0.21935646920032942
}