{
  "Anatomy": [
    "MPFC",
    "OFC"
  ],
  "time": [
    22,
    40
  ],
  "tvalue": [
    2.0582317462587456,
    2.0515793356025762
  ],
  "dof": [
    38,
    207
  ],
  "pvalue": [
    0.046473355236149594,
    0.041469574463316672
  ],
  "CI": [
    [
      -0.052999750339447149,
      0.067882795654500033
    ],
    [
      -0.11636782753021721,
      0.131640396275843
    ]
  ]
}