{
  "Anatomy": [
    "MPFC",
    "OFC"
  ],
  "time": [
    22,
    40
  ],
  "tvalue": [
    2.0582317462587456,
    2.0515793356025762
  ],
  "dof": [
    38,
    207
  ],
  "pvalue": [
    0.046473355236149594,
    0.041469574463316672
  ],
  "CI": [
    [
      -0.00061970406647422066,
      0.0193729430359345
    ],
    [
      0.00017573612611216163,
      0.017472824648551242
    ]
  ]
}