{
  "f": [
    4.7498427702313109,
    3.5952085012409536,
    7.9895456104080864,
    0.46951604220738974
  ],
  "p": [
    0.029616932083889366,
    0.058337252918340847,
    0.0048323339847470819,
    0.49342535830677831
  ],
  "df1": [
    1,
    1,
    1,
    1
  ],
  "df2": [
    737,
    737,
    737,
    737
  ],
  "contrast": [
    [
      -1,
      0,
      0,
      1
    ],
    [
      0,
      -1,
      1,
      0
    ],
    [
      1,
      -1,
      1,
      -1
    ],
    [
      1,
      1,
      -1,
      -1
    ]
  ],
  "coeffnames": [
    "task_NoNeg",
    "task_NoPos",
    "task_YesNeg",
    "task_YesPos"
  ]
}